allele,serology
A*26:10,10a
A*26:92,10a
A*26:15,10a
A*26:26,10a
A*66:03,10a
A*66:08,10a
A*11:13,11a
A*11:19,11a
A*11:15,11a
A*11:14,11a
A*11:12,11a
A*11:48,11a
A*11:10,11a
A*11:09,11a
A*11:86,11a
A*11:152,11a
A*11:08,11a
A*11:07,11a
A*11:05,11a
A*11:04,11a
A*11:03,11a
A*11:02,11a
A*11:01,11a
A*11:241,11a
A*11:25,11a
A*33:09,19a
A*01:139,1a
A*01:01,1a
A*01:03,1a
A*01:08,1a
A*01:02,1a
A*01:25,1a
A*01:19,1a
A*01:07,1a
A*02:03,203a
A*02:10,210a
A*23:12,23a;9a
A*23:04,23a;9a
A*23:01,9a;23a
A*23:18,23a;9a
A*24:33,2403a
A*24:374,2403a
A*24:23,9a;24a
A*24:10,9a
A*24:03,2403a
A*24:13,9a;24a
A*24:17,24a;9a
A*24:85,24a;9a
A*24:78,24a;9a
A*24:76,24a;9a
A*24:20,24a;9a
A*24:21,24a;9a
A*24:58,24a;9a
A*24:43,24a;9a
A*24:27,9a;24a
A*24:28,24a;9a
A*24:14,9a;24a
A*24:08,9a;24a
A*24:129,24a;9a
A*24:06,9a;24a
A*24:07,9a;24a
A*24:37,24a;9a
A*24:186,24a;9a
A*24:225,24a;9a
A*24:05,9a;24a
A*24:02,9a;24a
A*24:04,9a;24a
A*25:02,10a
A*25:01,10a;25a
A*26:08,10a;26a
A*26:07,10a;26a
A*26:06,10a;26a
A*26:05,10a;26a
A*26:04,10a;26a
A*26:03,10a;26a
A*26:02,10a;26a
A*26:82,26a;10a
A*26:22,26a;10a
A*26:23,26a;10a
A*26:29,26a;10a
A*26:112,26a;10a
A*26:01,10a;26a
A*26:09,10a;26a
A*68:10,28a
A*68:12,28a
A*68:17,28a
A*68:26,28a
A*29:10,29a;19a
A*29:16,29a;19a
A*29:02,29a
A*29:01,29a
A*02:137,2a
A*02:66,2a
A*02:67,2a
A*02:68,2a
A*02:70,2a
A*02:71,2a
A*02:72,2a
A*02:73,2a
A*02:74,2a
A*02:77,2a
A*02:78,2a
A*02:79,2a
A*02:89,2a
A*02:90,2a
A*02:59,2a
A*02:436,2a
A*02:393,2a
A*02:95,2a
A*02:97,2a
A*02:140,2a
A*02:105,2a
A*02:130,2a
A*02:138,2a
A*02:01,2a
A*02:46,2a
A*02:18,2a
A*02:50,2a
A*02:31,2a
A*02:49,2a
A*02:02,2a
A*02:41,2a
A*02:29,2a
A*02:244,2a
A*02:25,2a
A*02:24,2a
A*02:22,2a
A*02:21,2a
A*02:20,2a
A*02:42,2a
A*02:35,2a
A*02:34,2a
A*02:16,2a
A*02:14,2a
A*02:13,2a
A*02:12,2a
A*02:11,2a
A*02:09,2a
A*02:08,2a
A*02:07,2a
A*02:06,2a
A*02:05,2a
A*02:04,2a
A*02:17,2a
A*30:17,30a;19a
A*30:15,30a;19a
A*30:18,30a;19a
A*30:02,30a
A*30:04,30a
A*30:11,30a;19a
A*30:03,30a
A*30:01,30a
A*31:56,31a;19a
A*31:95,31a;19a
A*31:10,31a;19a
A*31:05,31a
A*31:01,31a
A*31:02,31a;19a
A*31:04,31a
A*31:12,31a;19a
A*31:23,31a;19a
A*32:02,32a
A*32:14,32a;19a
A*32:01,32a
A*33:03,33a
A*33:05,33a;19a
A*33:08,33a;19a
A*33:01,33a
A*33:25,33a;19a
A*34:01,10a;34a
A*34:02,10a;34a
A*34:04,34a;10a
A*36:04,36a
A*36:03,36a
A*36:01,36a
A*03:01,3a
A*03:221,3a
A*03:45,3a
A*03:02,3a
A*03:219,3a
A*03:24,3a
A*03:350,3a
A*03:20,3a
A*03:04,3a
A*03:05,3a
A*43:01,43a
A*66:01,10a;66a
A*66:02,10a
A*66:06,66a;10a
A*68:33,68a;28a
A*68:36,68a;28a
A*68:02,28a;68a
A*68:01,28a;68a
A*68:08,28a;68a
A*68:03,28a;68a
A*68:04,28a;68a
A*68:05,28a;68a
A*68:16,28a;68a
A*69:01,28a;69a
A*74:02,74a
A*74:01,74a
A*74:03,74a
A*74:07,74a;19a
A*74:06,74a;19a
A*80:01,80a
A*24:19,9a
A*24:22,9a
A*25:35,nan
A*26:72,nan
A*26:61,nan
A*24:447,nan
A*26:60N,nan
A*26:59,nan
A*26:71N,nan
A*26:70,nan
A*24:446,nan
A*25:34,nan
A*24:469,nan
A*25:36,nan
A*25:42N,nan
A*25:37,nan
A*26:63,nan
A*26:64,nan
A*25:38,nan
A*26:65,nan
A*26:66,nan
A*25:39,nan
A*25:40,nan
A*25:41,nan
A*26:68,nan
A*24:445N,nan
A*26:67,nan
A*26:62,nan
A*26:69,nan
A*24:459,nan
A*25:33,nan
A*25:14,nan
A*26:77,nan
A*25:13,nan
A*25:12N,nan
A*25:11,nan
A*24:444,nan
A*26:78,nan
A*25:15,nan
A*25:10,nan
A*26:79,nan
A*26:80,nan
A*25:03,nan
A*25:08,nan
A*26:81,nan
A*25:07,nan
A*25:06,nan
A*25:09,nan
A*25:16,nan
A*25:17,nan
A*25:18,nan
A*26:74,nan
A*25:32,nan
A*25:31,nan
A*25:30,nan
A*25:29,nan
A*25:28,nan
A*25:27,nan
A*25:26,nan
A*24:470,nan
A*25:25,nan
A*25:24,nan
A*25:23,nan
A*25:22,nan
A*26:76,nan
A*25:21,nan
A*25:20,nan
A*25:19,nan
A*26:73,nan
A*26:75,nan
A*24:468,nan
A*25:44,nan
A*26:19,nan
A*26:20,nan
A*25:62,nan
A*26:21,nan
A*24:465,nan
A*24:466,nan
A*24:449,nan
A*26:24,nan
A*25:61,nan
A*25:60,nan
A*26:25N,nan
A*25:59,nan
A*25:58,nan
A*25:57,nan
A*25:56,nan
A*25:55,nan
A*25:54,nan
A*26:18,nan
A*25:53,nan
A*26:17,nan
A*24:464,nan
A*24:458,nan
A*24:457,nan
A*24:456N,nan
A*24:461,nan
A*24:455,nan
A*24:454,nan
A*24:453,nan
A*24:452,nan
A*24:462,nan
A*24:451,nan
A*24:450,nan
A*25:63,nan
A*24:463,nan
A*26:11N,nan
A*26:12,nan
A*26:13,nan
A*26:14,nan
A*26:16,nan
A*26:27,nan
A*26:28,nan
A*25:05,nan
A*26:50,nan
A*25:50,nan
A*26:51,nan
A*26:52,nan
A*26:53,nan
A*26:54,nan
A*25:49N,nan
A*26:55,nan
A*25:48,nan
A*26:56,nan
A*24:467N,nan
A*26:57,nan
A*25:47,nan
A*24:460,nan
A*26:58,nan
A*25:46,nan
A*25:45,nan
A*25:51,nan
A*26:49,nan
A*26:48,nan
A*26:47,nan
A*26:30,nan
A*26:31,nan
A*26:32,nan
A*25:52,nan
A*26:33,nan
A*26:34,nan
A*26:35,nan
A*26:36,nan
A*25:43,nan
A*26:37,nan
A*26:39,nan
A*26:40,nan
A*26:41,nan
A*24:448N,nan
A*26:42,nan
A*26:43,nan
A*26:45,nan
A*26:46,nan
A*26:38,nan
A*25:04,nan
A*26:109,nan
A*26:84,nan
A*29:47,nan
A*29:48,nan
A*29:49,nan
A*29:50,nan
A*29:51,nan
A*29:52,nan
A*29:53,nan
A*29:54,nan
A*29:55,nan
A*29:56,nan
A*29:57,nan
A*29:58,nan
A*29:59,nan
A*29:60,nan
A*29:61,nan
A*29:62,nan
A*29:63,nan
A*29:64,nan
A*29:65,nan
A*29:66,nan
A*29:67,nan
A*29:68,nan
A*29:69,nan
A*29:70,nan
A*29:71,nan
A*29:46,nan
A*29:72,nan
A*29:45,nan
A*29:43,nan
A*29:18,nan
A*29:19,nan
A*29:20,nan
A*29:21,nan
A*29:22,nan
A*29:23,nan
A*29:24,nan
A*29:25,nan
A*29:26,nan
A*29:27,nan
A*29:28,nan
A*29:29,nan
A*29:30,nan
A*29:31,nan
A*29:32,nan
A*29:33,nan
A*29:34,nan
A*29:35,nan
A*29:36,nan
A*29:37,nan
A*29:38,nan
A*29:39,nan
A*29:40,nan
A*29:41,nan
A*29:42,nan
A*29:44,nan
A*29:73,nan
A*29:74,nan
A*29:75,nan
A*29:106,nan
A*29:107,nan
A*29:108,nan
A*29:109,nan
A*29:110,nan
A*29:111,nan
A*29:112N,nan
A*29:113,nan
A*29:114,nan
A*29:115,nan
A*29:116,nan
A*29:117,nan
A*29:118,nan
A*29:119,nan
A*29:120,nan
A*29:121,nan
A*29:122,nan
A*29:123,nan
A*29:124,nan
A*29:125,nan
A*29:126Q,nan
A*29:127,nan
A*29:128,nan
A*29:129,nan
A*29:130,nan
A*29:105,nan
A*29:104,nan
A*29:103,nan
A*29:102,nan
A*29:76,nan
A*29:77,nan
A*29:78N,nan
A*29:79,nan
A*29:80,nan
A*29:81,nan
A*29:82,nan
A*29:83,nan
A*29:84,nan
A*29:85,nan
A*29:86,nan
A*29:87,nan
A*29:17,nan
A*29:88,nan
A*29:90,nan
A*29:91,nan
A*29:92,nan
A*29:93,nan
A*29:94,nan
A*29:95,nan
A*29:96,nan
A*29:97,nan
A*29:98,nan
A*29:99,nan
A*29:100,nan
A*29:101,nan
A*29:89,nan
A*26:83,nan
A*29:15,nan
A*29:13,nan
A*26:116,nan
A*26:117,nan
A*26:118,nan
A*26:119,nan
A*26:120,nan
A*26:121,nan
A*26:122,nan
A*26:123,nan
A*26:124,nan
A*26:125,nan
A*26:126,nan
A*26:127N,nan
A*26:128,nan
A*26:129,nan
A*26:130,nan
A*26:131,nan
A*26:132,nan
A*26:133,nan
A*26:134,nan
A*26:135,nan
A*26:136,nan
A*26:137,nan
A*26:138,nan
A*26:139,nan
A*26:140,nan
A*26:115,nan
A*26:141,nan
A*26:114,nan
A*26:111,nan
A*26:85,nan
A*26:86,nan
A*26:87,nan
A*26:88,nan
A*26:89,nan
A*26:90,nan
A*26:91,nan
A*26:93,nan
A*26:94,nan
A*26:95,nan
A*26:96,nan
A*26:97,nan
A*26:98,nan
A*26:99,nan
A*26:100,nan
A*26:101,nan
A*26:102,nan
A*26:103,nan
A*26:104,nan
A*26:105,nan
A*26:106,nan
A*26:107N,nan
A*26:108,nan
A*24:443,nan
A*26:110,nan
A*26:113,nan
A*26:142,nan
A*26:143,nan
A*26:144,nan
A*26:175,nan
A*26:176,nan
A*26:177,nan
A*26:178,nan
A*26:179,nan
A*26:180N,nan
A*26:181,nan
A*26:182,nan
A*26:183,nan
A*26:184,nan
A*26:185,nan
A*26:186,nan
A*26:187,nan
A*26:188,nan
A*26:189,nan
A*26:190,nan
A*29:03,nan
A*29:04,nan
A*29:05,nan
A*29:06,nan
A*29:07,nan
A*29:08N,nan
A*29:09,nan
A*29:11,nan
A*29:12,nan
A*26:174,nan
A*26:173,nan
A*26:172,nan
A*26:171,nan
A*26:145N,nan
A*26:146,nan
A*26:147,nan
A*26:148,nan
A*26:149,nan
A*26:150,nan
A*26:151,nan
A*26:152,nan
A*26:153,nan
A*26:154,nan
A*26:155,nan
A*26:156,nan
A*29:14,nan
A*26:157,nan
A*26:159,nan
A*26:160,nan
A*26:161N,nan
A*26:162,nan
A*26:163,nan
A*26:164,nan
A*26:165,nan
A*26:166Q,nan
A*26:167,nan
A*26:168,nan
A*26:169,nan
A*26:170,nan
A*26:158,nan
A*24:442,nan
A*24:373,nan
A*24:440,nan
A*24:134,nan
A*24:135,nan
A*24:136,nan
A*24:137,nan
A*24:138,nan
A*24:139,nan
A*24:140,nan
A*24:141,nan
A*24:142,nan
A*24:143,nan
A*24:144,nan
A*24:145,nan
A*24:146,nan
A*24:147,nan
A*24:148,nan
A*24:149,nan
A*24:150,nan
A*24:151,nan
A*24:152,nan
A*24:153,nan
A*24:154,nan
A*24:155N,nan
A*24:156,nan
A*24:133,nan
A*24:132N,nan
A*24:131,nan
A*24:130,nan
A*24:105,nan
A*24:106,nan
A*24:107,nan
A*24:108,nan
A*24:109,nan
A*24:110,nan
A*24:111,nan
A*24:112,nan
A*24:113,nan
A*24:114,nan
A*24:115,nan
A*24:157,nan
A*24:116,nan
A*24:118,nan
A*24:119,nan
A*24:120,nan
A*24:121,nan
A*24:122,nan
A*24:123,nan
A*24:124,nan
A*24:125,nan
A*24:126,nan
A*24:127,nan
A*24:128,nan
A*24:117,nan
A*24:158N,nan
A*24:159,nan
A*24:160,nan
A*24:190,nan
A*24:191,nan
A*24:192,nan
A*24:193,nan
A*24:194,nan
A*24:195,nan
A*24:196,nan
A*24:197,nan
A*24:198,nan
A*24:199,nan
A*24:200,nan
A*24:189,nan
A*24:201,nan
A*24:203,nan
A*24:204,nan
A*24:205,nan
A*24:206,nan
A*24:207,nan
A*24:208,nan
A*24:209,nan
A*24:210,nan
A*24:212,nan
A*24:213,nan
A*24:214,nan
A*24:202,nan
A*24:104,nan
A*24:188,nan
A*24:185N,nan
A*24:161,nan
A*24:162,nan
A*24:163N,nan
A*24:164,nan
A*24:165,nan
A*24:166,nan
A*24:167,nan
A*24:168,nan
A*24:169,nan
A*24:170,nan
A*24:171,nan
A*24:187,nan
A*24:172,nan
A*24:174,nan
A*24:175,nan
A*24:176,nan
A*24:177,nan
A*24:178,nan
A*24:179,nan
A*24:180,nan
A*24:181,nan
A*24:182,nan
A*24:183N,nan
A*24:184,nan
A*24:173,nan
A*24:215,nan
A*24:103,nan
A*24:101,nan
A*23:89,nan
A*23:90,nan
A*23:91N,nan
A*23:92,nan
A*23:93,nan
A*23:94,nan
A*23:95,nan
A*23:96,nan
A*24:09N,nan
A*24:11N,nan
A*24:15,nan
A*24:18,nan
A*24:24,nan
A*24:25,nan
A*24:26,nan
A*24:29,nan
A*24:30,nan
A*24:31,nan
A*24:32,nan
A*24:34,nan
A*24:35,nan
A*24:36N,nan
A*24:38,nan
A*23:88,nan
A*23:87,nan
A*23:86,nan
A*23:85,nan
A*23:60,nan
A*23:61,nan
A*23:62,nan
A*23:63,nan
A*23:64,nan
A*23:65,nan
A*23:66,nan
A*23:67,nan
A*23:68,nan
A*23:70,nan
A*23:71,nan
A*24:39,nan
A*23:72,nan
A*23:74,nan
A*23:75,nan
A*23:76,nan
A*23:77,nan
A*23:78,nan
A*23:79,nan
A*23:80,nan
A*23:81,nan
A*23:82,nan
A*23:83,nan
A*23:84N,nan
A*23:73,nan
A*24:40N,nan
A*24:41,nan
A*24:42,nan
A*24:74,nan
A*24:75,nan
A*24:77,nan
A*24:79,nan
A*24:80,nan
A*24:81,nan
A*24:82,nan
A*24:83N,nan
A*24:84N,nan
A*24:86N,nan
A*24:87,nan
A*24:73,nan
A*24:88,nan
A*24:90,nan
A*24:91,nan
A*24:92,nan
A*24:93,nan
A*24:94,nan
A*24:95,nan
A*24:96,nan
A*24:97,nan
A*24:98,nan
A*24:99,nan
A*24:100,nan
A*24:89,nan
A*24:102,nan
A*24:72,nan
A*24:70,nan
A*24:44,nan
A*24:45N,nan
A*24:46,nan
A*24:47,nan
A*24:48N,nan
A*24:49,nan
A*24:50,nan
A*24:51,nan
A*24:52,nan
A*24:53,nan
A*24:54,nan
A*24:71,nan
A*24:55,nan
A*24:57,nan
A*24:59,nan
A*24:60N,nan
A*24:61,nan
A*24:62,nan
A*24:63,nan
A*24:64,nan
A*24:66,nan
A*24:67,nan
A*24:68,nan
A*24:69,nan
A*24:56,nan
A*24:216,nan
A*24:217,nan
A*24:218,nan
A*24:360,nan
A*24:361,nan
A*24:362,nan
A*24:363,nan
A*24:364,nan
A*24:365,nan
A*24:366,nan
A*24:367,nan
A*24:368,nan
A*24:369,nan
A*24:370N,nan
A*24:371,nan
A*24:372,nan
A*29:131,nan
A*24:375,nan
A*24:376,nan
A*24:377,nan
A*24:378,nan
A*24:379,nan
A*24:380,nan
A*24:381,nan
A*24:382,nan
A*24:383,nan
A*24:359N,nan
A*24:358,nan
A*24:357N,nan
A*24:356,nan
A*24:332,nan
A*24:333,nan
A*24:334,nan
A*24:335,nan
A*24:336,nan
A*24:337,nan
A*24:338,nan
A*24:339,nan
A*24:340,nan
A*24:341,nan
A*24:342,nan
A*24:384,nan
A*24:343,nan
A*24:345,nan
A*24:346,nan
A*24:347,nan
A*24:348,nan
A*24:349,nan
A*24:350,nan
A*24:351,nan
A*24:352,nan
A*24:353,nan
A*24:354,nan
A*24:355,nan
A*24:344,nan
A*24:385,nan
A*24:386,nan
A*24:387,nan
A*24:416,nan
A*24:417,nan
A*24:418,nan
A*24:419,nan
A*24:420,nan
A*24:421,nan
A*24:422,nan
A*24:423,nan
A*24:424,nan
A*24:425N,nan
A*24:426N,nan
A*24:415,nan
A*24:427N,nan
A*24:429N,nan
A*24:430N,nan
A*24:431,nan
A*24:432,nan
A*24:433N,nan
A*24:434N,nan
A*24:435N,nan
A*24:436,nan
A*24:437,nan
A*24:438,nan
A*24:439,nan
A*24:428N,nan
A*24:331,nan
A*24:414,nan
A*24:412,nan
A*24:388N,nan
A*24:389N,nan
A*24:390,nan
A*24:391,nan
A*24:392,nan
A*24:393,nan
A*24:394,nan
A*24:395,nan
A*24:396N,nan
A*24:397,nan
A*24:398,nan
A*24:413,nan
A*24:399,nan
A*24:401,nan
A*24:402,nan
A*24:403,nan
A*24:404,nan
A*24:405,nan
A*24:406,nan
A*24:407,nan
A*24:408N,nan
A*24:409,nan
A*24:410,nan
A*24:411,nan
A*24:400,nan
A*24:330,nan
A*24:329,nan
A*24:328,nan
A*24:248,nan
A*24:249,nan
A*24:250,nan
A*24:251,nan
A*24:252N,nan
A*24:253,nan
A*24:254,nan
A*24:255,nan
A*24:256,nan
A*24:257,nan
A*24:258,nan
A*24:247,nan
A*24:259,nan
A*24:261,nan
A*24:262,nan
A*24:263,nan
A*24:264,nan
A*24:265,nan
A*24:266,nan
A*24:267,nan
A*24:268,nan
A*24:269,nan
A*24:270,nan
A*24:271,nan
A*24:260,nan
A*24:272,nan
A*24:246,nan
A*24:244,nan
A*24:219,nan
A*24:220,nan
A*24:221,nan
A*24:222N,nan
A*24:223,nan
A*24:224,nan
A*24:226,nan
A*24:227,nan
A*24:228,nan
A*24:229,nan
A*24:230,nan
A*24:245,nan
A*24:231,nan
A*24:233,nan
A*24:234,nan
A*24:235,nan
A*24:236,nan
A*24:237,nan
A*24:238,nan
A*24:239,nan
A*24:240N,nan
A*24:241,nan
A*24:242,nan
A*24:243,nan
A*24:232N,nan
A*24:441,nan
A*24:273,nan
A*24:275,nan
A*24:304,nan
A*24:305,nan
A*24:306,nan
A*24:307,nan
A*24:308,nan
A*24:309,nan
A*24:310,nan
A*24:311,nan
A*24:312N,nan
A*24:313,nan
A*24:314,nan
A*24:303N,nan
A*24:315,nan
A*24:317,nan
A*24:318,nan
A*24:319,nan
A*24:320,nan
A*24:321,nan
A*24:322,nan
A*24:323N,nan
A*24:324,nan
A*24:325,nan
A*24:326,nan
A*24:327,nan
A*24:316,nan
A*24:274,nan
A*24:302,nan
A*24:300,nan
A*24:276,nan
A*24:277,nan
A*24:278N,nan
A*24:279,nan
A*24:280,nan
A*24:281,nan
A*24:282,nan
A*24:283,nan
A*24:284,nan
A*24:285,nan
A*24:286,nan
A*24:301,nan
A*24:287,nan
A*24:289,nan
A*24:290,nan
A*24:291,nan
A*24:292,nan
A*24:293,nan
A*24:294Q,nan
A*24:295,nan
A*24:296,nan
A*24:297,nan
A*24:298,nan
A*24:299,nan
A*24:288,nan
A*29:132,nan
A*30:59N,nan
A*29:134,nan
A*33:185,nan
A*33:186,nan
A*33:187,nan
A*33:188,nan
A*33:189,nan
A*33:190,nan
A*33:191,nan
A*34:03,nan
A*34:05,nan
A*34:06,nan
A*34:07,nan
A*33:184,nan
A*34:08,nan
A*34:10N,nan
A*34:11,nan
A*34:12,nan
A*34:13,nan
A*34:14,nan
A*34:15,nan
A*34:16,nan
A*34:17,nan
A*34:18,nan
A*34:19,nan
A*34:20,nan
A*34:09,nan
A*33:183,nan
A*33:182,nan
A*33:181,nan
A*33:156N,nan
A*33:157N,nan
A*33:158,nan
A*33:159,nan
A*33:160,nan
A*33:161,nan
A*33:162,nan
A*33:163,nan
A*33:164,nan
A*33:165,nan
A*33:166,nan
A*33:167,nan
A*33:168,nan
A*33:169,nan
A*33:170,nan
A*33:171,nan
A*33:172,nan
A*33:173,nan
A*33:174N,nan
A*33:175Q,nan
A*33:176N,nan
A*33:177,nan
A*33:178,nan
A*33:179,nan
A*33:180,nan
A*34:21,nan
A*34:22,nan
A*34:23,nan
A*36:02,nan
A*66:30,nan
A*66:31,nan
A*66:32,nan
A*66:33,nan
A*66:34,nan
A*66:35,nan
A*66:36,nan
A*66:37,nan
A*68:06,nan
A*68:07,nan
A*68:09,nan
A*68:11N,nan
A*68:13,nan
A*68:14,nan
A*68:15,nan
A*68:18N,nan
A*68:19,nan
A*68:20,nan
A*68:21,nan
A*68:22,nan
A*68:23,nan
A*68:24,nan
A*68:25,nan
A*68:27,nan
A*68:28,nan
A*66:29,nan
A*33:155,nan
A*66:28N,nan
A*66:26Q,nan
A*36:05,nan
A*36:06,nan
A*36:07,nan
A*36:08,nan
A*36:09,nan
A*66:04,nan
A*66:05,nan
A*66:07,nan
A*66:09,nan
A*66:10,nan
A*66:11,nan
A*66:12,nan
A*66:13,nan
A*66:14,nan
A*66:15,nan
A*66:16,nan
A*66:17,nan
A*66:18,nan
A*66:19,nan
A*66:20,nan
A*66:21,nan
A*66:22,nan
A*66:23,nan
A*66:24,nan
A*66:25,nan
A*66:27N,nan
A*68:29,nan
A*33:154N,nan
A*33:152,nan
A*33:70,nan
A*33:71,nan
A*33:72,nan
A*33:73N,nan
A*33:74N,nan
A*33:75,nan
A*33:76,nan
A*33:77,nan
A*33:78,nan
A*33:79,nan
A*33:80N,nan
A*33:69,nan
A*33:81,nan
A*33:83,nan
A*33:84,nan
A*33:85,nan
A*33:86,nan
A*33:87,nan
A*33:88,nan
A*33:89,nan
A*33:90,nan
A*33:91,nan
A*33:92,nan
A*33:93,nan
A*33:82,nan
A*33:68,nan
A*33:67,nan
A*33:66,nan
A*33:41,nan
A*33:42,nan
A*33:43,nan
A*33:44,nan
A*33:45,nan
A*33:46,nan
A*33:47,nan
A*33:48,nan
A*33:49,nan
A*33:50,nan
A*33:51,nan
A*33:52,nan
A*33:53,nan
A*33:54,nan
A*33:55,nan
A*33:56,nan
A*33:57,nan
A*33:58,nan
A*33:59,nan
A*33:60,nan
A*33:61,nan
A*33:62,nan
A*33:63,nan
A*33:64,nan
A*33:65,nan
A*33:94,nan
A*33:95,nan
A*33:96N,nan
A*33:97,nan
A*33:127,nan
A*33:128,nan
A*33:129N,nan
A*33:130,nan
A*33:131,nan
A*33:132,nan
A*33:133,nan
A*33:134,nan
A*33:135,nan
A*33:136,nan
A*33:137,nan
A*33:138,nan
A*33:139,nan
A*33:140N,nan
A*33:141,nan
A*33:142,nan
A*33:143N,nan
A*33:144,nan
A*33:145,nan
A*33:146,nan
A*33:147,nan
A*33:148,nan
A*33:149,nan
A*33:150,nan
A*33:151,nan
A*33:126,nan
A*33:153,nan
A*33:125,nan
A*33:123N,nan
A*33:98,nan
A*33:99,nan
A*33:100,nan
A*33:101,nan
A*33:102,nan
A*33:103,nan
A*33:104,nan
A*33:105,nan
A*33:106,nan
A*33:107,nan
A*33:108,nan
A*33:109,nan
A*33:110,nan
A*33:111,nan
A*33:112,nan
A*33:113,nan
A*33:114,nan
A*33:115,nan
A*33:116,nan
A*33:117,nan
A*33:118,nan
A*33:119,nan
A*33:120,nan
A*33:121,nan
A*33:122,nan
A*33:124,nan
A*33:40,nan
A*68:30,nan
A*68:32,nan
A*68:179,nan
A*68:180,nan
A*68:181N,nan
A*68:182N,nan
A*68:183,nan
A*68:184,nan
A*68:185,nan
A*68:186,nan
A*68:187,nan
A*68:188,nan
A*68:189,nan
A*68:178,nan
A*68:190,nan
A*68:192,nan
A*68:193,nan
A*68:194,nan
A*68:195,nan
A*68:196,nan
A*68:197,nan
A*68:198,nan
A*68:199N,nan
A*68:200,nan
A*68:201,nan
A*68:202,nan
A*68:191,nan
A*68:177,nan
A*68:176,nan
A*68:175,nan
A*68:150,nan
A*68:151,nan
A*68:152,nan
A*68:153,nan
A*68:154,nan
A*68:155,nan
A*68:156,nan
A*68:157,nan
A*68:158,nan
A*68:159Q,nan
A*68:160,nan
A*68:161,nan
A*68:162,nan
A*68:163,nan
A*68:164,nan
A*68:165,nan
A*68:166,nan
A*68:167,nan
A*68:168,nan
A*68:169,nan
A*68:170,nan
A*68:171,nan
A*68:172,nan
A*68:173,nan
A*68:174,nan
A*68:203N,nan
A*68:204,nan
A*68:205N,nan
A*68:206,nan
A*74:15,nan
A*74:16,nan
A*74:17,nan
A*74:18,nan
A*74:19,nan
A*74:20,nan
A*74:21,nan
A*74:22,nan
A*74:23,nan
A*74:24,nan
A*74:25,nan
A*74:26,nan
A*74:27,nan
A*74:28,nan
A*74:29,nan
A*74:30,nan
A*74:31,nan
A*74:32N,nan
A*74:33,nan
A*74:34,nan
A*74:35,nan
A*74:36,nan
A*80:02,nan
A*80:03,nan
A*80:04,nan
A*74:14N,nan
A*68:149,nan
A*74:13,nan
A*74:11,nan
A*68:207,nan
A*68:208,nan
A*68:209,nan
A*68:210N,nan
A*68:211,nan
A*68:212,nan
A*68:213N,nan
A*68:214,nan
A*68:215,nan
A*68:216N,nan
A*68:217,nan
A*68:218,nan
A*68:219,nan
A*68:220,nan
A*68:221,nan
A*69:02,nan
A*69:03,nan
A*69:04,nan
A*69:05,nan
A*69:06,nan
A*74:04,nan
A*74:05,nan
A*74:08,nan
A*74:09,nan
A*74:10,nan
A*74:12N,nan
A*68:31,nan
A*68:148Q,nan
A*68:146,nan
A*68:64,nan
A*68:65,nan
A*68:66,nan
A*68:67,nan
A*68:68,nan
A*68:69,nan
A*68:70,nan
A*68:71,nan
A*68:72,nan
A*68:73,nan
A*68:74,nan
A*68:63,nan
A*68:75,nan
A*68:77,nan
A*68:78,nan
A*68:79,nan
A*68:80,nan
A*68:81,nan
A*68:82,nan
A*68:83,nan
A*68:84,nan
A*68:85,nan
A*68:86,nan
A*68:87,nan
A*68:76,nan
A*68:62,nan
A*68:61,nan
A*68:60,nan
A*68:34,nan
A*68:35,nan
A*68:37,nan
A*68:38,nan
A*68:39,nan
A*68:40,nan
A*68:41,nan
A*68:42,nan
A*68:43,nan
A*68:44,nan
A*68:45,nan
A*68:46,nan
A*68:47,nan
A*68:48,nan
A*68:49N,nan
A*68:50,nan
A*68:51,nan
A*68:52,nan
A*68:53,nan
A*68:54,nan
A*68:55,nan
A*68:56,nan
A*68:57,nan
A*68:58,nan
A*68:59N,nan
A*68:88,nan
A*68:89,nan
A*68:90,nan
A*68:91,nan
A*68:121,nan
A*68:122,nan
A*68:123,nan
A*68:124,nan
A*68:125,nan
A*68:126,nan
A*68:127,nan
A*68:128,nan
A*68:129,nan
A*68:130,nan
A*68:131,nan
A*68:132,nan
A*68:133,nan
A*68:134,nan
A*68:135,nan
A*68:136,nan
A*68:137,nan
A*68:138,nan
A*68:139,nan
A*68:140,nan
A*68:141,nan
A*68:142N,nan
A*68:143,nan
A*68:144,nan
A*68:145,nan
A*68:120N,nan
A*68:147,nan
A*68:119,nan
A*68:117,nan
A*68:92,nan
A*68:93,nan
A*68:94N,nan
A*68:95,nan
A*68:96,nan
A*68:97,nan
A*68:98,nan
A*68:99,nan
A*68:100,nan
A*68:101,nan
A*68:102,nan
A*68:103,nan
A*68:104,nan
A*68:105,nan
A*68:106,nan
A*68:107,nan
A*68:108,nan
A*68:109,nan
A*68:110,nan
A*68:111,nan
A*68:112,nan
A*68:113,nan
A*68:114,nan
A*68:115,nan
A*68:116,nan
A*68:118,nan
A*33:39,nan
A*33:37,nan
A*33:36,nan
A*30:153,nan
A*30:154,nan
A*30:155,nan
A*30:156,nan
A*30:157,nan
A*30:158N,nan
A*31:03,nan
A*31:06,nan
A*31:07,nan
A*31:08,nan
A*31:09,nan
A*30:152,nan
A*31:11,nan
A*31:14N,nan
A*31:15,nan
A*31:16,nan
A*31:17,nan
A*31:18,nan
A*31:19,nan
A*31:20,nan
A*31:21,nan
A*31:22,nan
A*31:24,nan
A*31:25,nan
A*31:13,nan
A*30:151,nan
A*30:150,nan
A*30:149,nan
A*30:124,nan
A*30:125,nan
A*30:126,nan
A*30:127,nan
A*30:128,nan
A*30:129,nan
A*30:130N,nan
A*30:131,nan
A*30:132N,nan
A*30:133,nan
A*30:134,nan
A*30:135,nan
A*30:136,nan
A*30:137,nan
A*30:138,nan
A*30:139,nan
A*30:140,nan
A*30:141,nan
A*30:142,nan
A*30:143,nan
A*30:144,nan
A*30:145N,nan
A*30:146,nan
A*30:147,nan
A*30:148,nan
A*31:26,nan
A*31:27,nan
A*31:28,nan
A*31:29,nan
A*31:60N,nan
A*31:61,nan
A*31:62,nan
A*31:63,nan
A*31:64,nan
A*31:65,nan
A*31:66,nan
A*31:67,nan
A*31:68,nan
A*31:69,nan
A*31:70,nan
A*31:71,nan
A*31:72,nan
A*31:73,nan
A*31:74,nan
A*31:75,nan
A*31:76,nan
A*31:77,nan
A*31:78,nan
A*31:79,nan
A*31:80,nan
A*31:81,nan
A*31:82,nan
A*31:83,nan
A*31:84,nan
A*31:59,nan
A*30:123N,nan
A*31:58,nan
A*31:55,nan
A*31:30,nan
A*31:31,nan
A*31:32,nan
A*31:33,nan
A*31:34,nan
A*31:35,nan
A*31:36,nan
A*31:37,nan
A*31:38,nan
A*31:39,nan
A*31:40,nan
A*31:41,nan
A*31:42,nan
A*31:43,nan
A*31:44,nan
A*31:45,nan
A*31:46,nan
A*31:47,nan
A*31:48,nan
A*31:49,nan
A*31:50,nan
A*31:51,nan
A*31:52,nan
A*31:53,nan
A*31:54,nan
A*31:57,nan
A*31:85,nan
A*30:122,nan
A*30:120,nan
A*30:38,nan
A*30:39,nan
A*30:40,nan
A*30:41,nan
A*30:42,nan
A*30:43,nan
A*30:44,nan
A*30:45,nan
A*30:46,nan
A*30:47,nan
A*30:48,nan
A*30:37,nan
A*30:49,nan
A*30:51,nan
A*30:52,nan
A*30:53,nan
A*30:54,nan
A*30:55,nan
A*30:56,nan
A*30:57,nan
A*30:58,nan
A*23:59,nan
A*30:60,nan
A*30:61,nan
A*30:50,nan
A*30:36,nan
A*30:35,nan
A*30:34,nan
A*29:135,nan
A*29:136,nan
A*30:06,nan
A*30:07,nan
A*30:08,nan
A*30:09,nan
A*30:10,nan
A*30:12,nan
A*30:13,nan
A*30:14L,nan
A*30:16,nan
A*30:19,nan
A*30:20,nan
A*30:22,nan
A*30:23,nan
A*30:24,nan
A*30:25,nan
A*30:26,nan
A*30:27N,nan
A*30:28,nan
A*30:29,nan
A*30:30,nan
A*30:31,nan
A*30:32,nan
A*30:33,nan
A*30:62,nan
A*30:63,nan
A*30:64,nan
A*30:65,nan
A*30:95,nan
A*30:96,nan
A*30:97,nan
A*30:98,nan
A*30:99,nan
A*30:100,nan
A*30:101Q,nan
A*30:102,nan
A*30:103,nan
A*30:104,nan
A*30:105,nan
A*30:106,nan
A*30:107,nan
A*30:108,nan
A*30:109,nan
A*30:110,nan
A*30:111,nan
A*30:112,nan
A*30:113,nan
A*30:114,nan
A*30:115,nan
A*30:116,nan
A*30:117,nan
A*30:118,nan
A*30:119,nan
A*30:94,nan
A*30:121N,nan
A*30:93,nan
A*30:91,nan
A*30:66,nan
A*30:67,nan
A*30:68,nan
A*30:69,nan
A*30:70N,nan
A*30:71,nan
A*30:72,nan
A*30:73N,nan
A*30:74,nan
A*30:75,nan
A*30:76N,nan
A*30:77,nan
A*30:78N,nan
A*30:79,nan
A*30:80,nan
A*30:81,nan
A*30:82,nan
A*30:83,nan
A*30:84,nan
A*30:85,nan
A*30:86,nan
A*30:87,nan
A*30:88,nan
A*30:89,nan
A*30:90,nan
A*30:92,nan
A*31:86,nan
A*31:87,nan
A*31:88,nan
A*32:78,nan
A*32:79,nan
A*32:80,nan
A*32:81,nan
A*32:82,nan
A*32:83,nan
A*32:84,nan
A*32:85,nan
A*32:86,nan
A*32:87,nan
A*32:88,nan
A*32:77,nan
A*32:89,nan
A*32:91,nan
A*32:92N,nan
A*32:93,nan
A*32:94,nan
A*32:95,nan
A*32:96,nan
A*32:97,nan
A*32:98,nan
A*32:99,nan
A*32:100,nan
A*32:101Q,nan
A*32:90,nan
A*32:76,nan
A*32:75,nan
A*32:74,nan
A*32:49,nan
A*32:50,nan
A*32:51,nan
A*32:52,nan
A*32:53,nan
A*32:54,nan
A*32:55,nan
A*32:56N,nan
A*32:57,nan
A*32:58,nan
A*32:59,nan
A*32:60,nan
A*32:61,nan
A*32:62,nan
A*32:63,nan
A*32:64,nan
A*32:65,nan
A*32:66,nan
A*32:67,nan
A*32:68,nan
A*32:69,nan
A*32:70,nan
A*32:71,nan
A*32:72,nan
A*32:73,nan
A*32:102,nan
A*32:103,nan
A*32:104,nan
A*32:105,nan
A*33:10,nan
A*33:11,nan
A*33:12,nan
A*33:13,nan
A*33:14,nan
A*33:15,nan
A*33:16,nan
A*33:17,nan
A*33:18,nan
A*33:19,nan
A*33:20,nan
A*33:21,nan
A*33:22,nan
A*33:23,nan
A*33:24,nan
A*33:26,nan
A*33:27,nan
A*33:28,nan
A*33:29,nan
A*33:30,nan
A*33:31,nan
A*33:32,nan
A*33:33,nan
A*33:34,nan
A*33:35,nan
A*33:07,nan
A*32:48N,nan
A*33:06,nan
A*32:131,nan
A*32:106,nan
A*32:107,nan
A*32:108,nan
A*32:109,nan
A*32:110,nan
A*32:111,nan
A*32:112N,nan
A*32:113,nan
A*32:114,nan
A*32:115,nan
A*32:116,nan
A*32:117N,nan
A*32:118,nan
A*32:119,nan
A*32:120,nan
A*32:121,nan
A*32:122,nan
A*32:123,nan
A*32:124,nan
A*32:125,nan
A*32:126N,nan
A*32:127,nan
A*32:128,nan
A*32:129,nan
A*32:130N,nan
A*33:04,nan
A*32:47,nan
A*32:46,nan
A*32:45N,nan
A*31:119,nan
A*31:120,nan
A*31:121,nan
A*31:122,nan
A*31:123,nan
A*31:124,nan
A*31:125,nan
A*31:126N,nan
A*31:127,nan
A*31:128,nan
A*31:129,nan
A*31:130,nan
A*31:131N,nan
A*31:132,nan
A*31:133,nan
A*31:134,nan
A*31:135,nan
A*31:136,nan
A*31:137,nan
A*31:138,nan
A*31:139,nan
A*31:140,nan
A*31:141N,nan
A*31:142,nan
A*31:143,nan
A*31:118,nan
A*31:144,nan
A*31:117,nan
A*31:115,nan
A*31:89,nan
A*31:90,nan
A*31:91,nan
A*31:92,nan
A*31:93,nan
A*31:94,nan
A*31:96,nan
A*31:97,nan
A*31:98,nan
A*31:99,nan
A*31:100,nan
A*31:101,nan
A*31:102,nan
A*31:103,nan
A*31:104,nan
A*31:105,nan
A*31:106,nan
A*31:107,nan
A*31:108,nan
A*31:109,nan
A*31:110,nan
A*31:111,nan
A*31:112,nan
A*31:113,nan
A*31:114,nan
A*31:116,nan
A*29:133,nan
A*31:145,nan
A*31:147,nan
A*32:20,nan
A*32:21,nan
A*32:22,nan
A*32:23,nan
A*32:24,nan
A*32:25,nan
A*32:26,nan
A*32:27N,nan
A*32:28,nan
A*32:29,nan
A*32:30,nan
A*32:31,nan
A*32:32,nan
A*32:33,nan
A*32:34,nan
A*32:35,nan
A*32:36,nan
A*32:37,nan
A*32:38,nan
A*32:39,nan
A*32:40,nan
A*32:41,nan
A*32:42,nan
A*32:43,nan
A*32:44,nan
A*32:19N,nan
A*31:146,nan
A*32:18,nan
A*32:16,nan
A*31:148,nan
A*31:149N,nan
A*31:150,nan
A*31:151Q,nan
A*31:152,nan
A*31:153,nan
A*31:154,nan
A*31:155,nan
A*31:156,nan
A*31:157,nan
A*31:158N,nan
A*31:159,nan
A*31:160,nan
A*32:03,nan
A*32:04,nan
A*32:05,nan
A*32:06,nan
A*32:07,nan
A*32:08,nan
A*32:09,nan
A*32:10,nan
A*32:11Q,nan
A*32:12,nan
A*32:13,nan
A*32:15,nan
A*32:17,nan
A*23:58,nan
A*23:10,nan
A*23:56,nan
A*02:361,nan
A*02:362,nan
A*02:363,nan
A*02:364,nan
A*02:365,nan
A*02:366N,nan
A*02:367,nan
A*02:368,nan
A*02:369,nan
A*02:370,nan
A*02:371,nan
A*02:372,nan
A*02:373N,nan
A*02:374,nan
A*02:375,nan
A*02:376,nan
A*02:377,nan
A*02:378,nan
A*02:379,nan
A*02:380,nan
A*02:381,nan
A*02:382,nan
A*02:383,nan
A*02:384,nan
A*02:385,nan
A*02:360,nan
A*02:386,nan
A*02:359,nan
A*02:357,nan
A*02:332,nan
A*02:333,nan
A*02:334,nan
A*02:335,nan
A*02:336,nan
A*02:337,nan
A*02:338,nan
A*02:339,nan
A*02:340,nan
A*02:341,nan
A*02:342,nan
A*02:343,nan
A*02:344,nan
A*02:345,nan
A*02:346,nan
A*02:347,nan
A*02:348,nan
A*02:349,nan
A*02:350N,nan
A*02:351,nan
A*02:352,nan
A*02:353,nan
A*02:354,nan
A*02:355,nan
A*02:356N,nan
A*02:358,nan
A*02:331,nan
A*02:387,nan
A*02:389,nan
A*02:420,nan
A*02:421,nan
A*02:422,nan
A*02:423,nan
A*02:424,nan
A*02:425,nan
A*02:426,nan
A*02:427,nan
A*02:428,nan
A*02:429,nan
A*02:430,nan
A*02:431,nan
A*02:432,nan
A*02:433,nan
A*02:434,nan
A*02:435,nan
A*02:437,nan
A*02:438,nan
A*02:439N,nan
A*02:440Q,nan
A*02:441,nan
A*02:442,nan
A*02:443,nan
A*02:444,nan
A*02:445,nan
A*02:419,nan
A*02:388,nan
A*02:418,nan
A*02:416,nan
A*02:390,nan
A*02:391,nan
A*02:392,nan
A*02:394,nan
A*02:395N,nan
A*02:396,nan
A*02:397,nan
A*02:398,nan
A*02:399,nan
A*02:400,nan
A*02:401,nan
A*02:402,nan
A*02:403,nan
A*02:404,nan
A*02:405,nan
A*02:406,nan
A*02:407,nan
A*02:408,nan
A*02:409,nan
A*02:410,nan
A*02:411,nan
A*02:412,nan
A*02:413,nan
A*02:414,nan
A*02:415,nan
A*02:417,nan
A*02:330,nan
A*02:329,nan
A*02:328,nan
A*02:243,nan
A*02:245,nan
A*02:246,nan
A*02:247,nan
A*02:248,nan
A*02:249,nan
A*02:250N,nan
A*02:251,nan
A*02:252,nan
A*02:253,nan
A*02:254,nan
A*02:255,nan
A*02:256,nan
A*02:257,nan
A*02:258,nan
A*02:259,nan
A*02:260,nan
A*02:261,nan
A*02:262,nan
A*02:263,nan
A*02:264,nan
A*02:265,nan
A*02:266,nan
A*02:267,nan
A*02:268,nan
A*02:242,nan
A*02:269,nan
A*02:241,nan
A*02:239,nan
A*02:214,nan
A*02:215,nan
A*02:216,nan
A*02:217,nan
A*02:218,nan
A*02:219,nan
A*02:220,nan
A*02:221,nan
A*02:222N,nan
A*02:223N,nan
A*02:224,nan
A*02:225N,nan
A*02:226N,nan
A*02:227N,nan
A*02:228,nan
A*02:229,nan
A*02:230,nan
A*02:231,nan
A*02:232,nan
A*02:233,nan
A*02:234,nan
A*02:235,nan
A*02:236,nan
A*02:237,nan
A*02:238,nan
A*02:240,nan
A*02:270,nan
A*02:271,nan
A*02:272,nan
A*02:303,nan
A*02:304,nan
A*02:305N,nan
A*02:306,nan
A*02:307,nan
A*02:308,nan
A*02:309,nan
A*02:310,nan
A*02:311,nan
A*02:312,nan
A*02:313,nan
A*02:314N,nan
A*02:315,nan
A*02:316,nan
A*02:317,nan
A*02:318,nan
A*02:319,nan
A*02:320,nan
A*02:321N,nan
A*02:322,nan
A*02:323,nan
A*02:324,nan
A*02:325,nan
A*02:326,nan
A*02:327,nan
A*02:302,nan
A*02:301N,nan
A*02:300,nan
A*02:299,nan
A*02:273,nan
A*02:274,nan
A*02:275,nan
A*02:276,nan
A*02:277,nan
A*02:278,nan
A*02:279,nan
A*02:280,nan
A*02:281,nan
A*02:282,nan
A*02:283,nan
A*02:284N,nan
A*02:446,nan
A*02:285,nan
A*02:287,nan
A*02:288,nan
A*02:289,nan
A*02:290,nan
A*02:291,nan
A*02:292,nan
A*02:293Q,nan
A*02:294,nan
A*02:295,nan
A*02:296,nan
A*02:297,nan
A*02:298,nan
A*02:286,nan
A*02:213,nan
A*02:447,nan
A*02:449,nan
A*02:596,nan
A*02:597,nan
A*02:598,nan
A*02:599,nan
A*02:600,nan
A*02:601,nan
A*02:602,nan
A*02:603,nan
A*02:604,nan
A*02:605Q,nan
A*02:606,nan
A*02:607,nan
A*02:608N,nan
A*02:609,nan
A*02:610,nan
A*02:611,nan
A*02:612,nan
A*02:613,nan
A*02:614,nan
A*02:615,nan
A*02:616,nan
A*02:617,nan
A*02:618Q,nan
A*02:619,nan
A*02:620,nan
A*02:595,nan
A*02:621,nan
A*02:594,nan
A*02:592,nan
A*02:567,nan
A*02:568,nan
A*02:569,nan
A*02:570,nan
A*02:571,nan
A*02:572,nan
A*02:573,nan
A*02:574,nan
A*02:575,nan
A*02:576,nan
A*02:577,nan
A*02:578,nan
A*02:579,nan
A*02:580,nan
A*02:581,nan
A*02:582,nan
A*02:583,nan
A*02:584,nan
A*02:585,nan
A*02:586,nan
A*02:587,nan
A*02:588,nan
A*02:589,nan
A*02:590,nan
A*02:591,nan
A*02:593,nan
A*02:566,nan
A*02:622N,nan
A*02:624,nan
A*02:654,nan
A*02:655,nan
A*02:656,nan
A*02:657,nan
A*02:658,nan
A*02:659,nan
A*02:660,nan
A*02:661,nan
A*02:662,nan
A*02:663,nan
A*02:664,nan
A*02:665,nan
A*02:666,nan
A*02:667,nan
A*02:668,nan
A*02:669,nan
A*02:670,nan
A*02:671,nan
A*02:672Q,nan
A*02:673,nan
A*02:674,nan
A*02:675N,nan
A*02:676,nan
A*02:677,nan
A*02:678,nan
A*02:653,nan
A*02:623,nan
A*02:652,nan
A*02:650,nan
A*02:625,nan
A*02:626,nan
A*02:627,nan
A*02:628,nan
A*02:629,nan
A*02:630,nan
A*02:631,nan
A*02:632,nan
A*02:633,nan
A*02:634,nan
A*02:635,nan
A*02:636,nan
A*02:637,nan
A*02:638,nan
A*02:639,nan
A*02:640,nan
A*02:641,nan
A*02:642,nan
A*02:643N,nan
A*02:644,nan
A*02:645,nan
A*02:646,nan
A*02:647,nan
A*02:648,nan
A*02:649,nan
A*02:651,nan
A*02:565,nan
A*02:564,nan
A*02:563,nan
A*02:479,nan
A*02:480,nan
A*02:481,nan
A*02:482,nan
A*02:483,nan
A*02:484,nan
A*02:485,nan
A*02:486,nan
A*02:487,nan
A*02:488,nan
A*02:489,nan
A*02:490N,nan
A*02:491,nan
A*02:492,nan
A*02:493,nan
A*02:494,nan
A*02:495,nan
A*02:496,nan
A*02:497,nan
A*02:498,nan
A*02:499,nan
A*02:500Q,nan
A*02:501N,nan
A*02:502,nan
A*02:503,nan
A*02:478,nan
A*02:504,nan
A*02:477,nan
A*02:475,nan
A*02:450,nan
A*02:451,nan
A*02:452,nan
A*02:453,nan
A*02:454,nan
A*02:455,nan
A*02:456,nan
A*02:457,nan
A*02:458,nan
A*02:459,nan
A*02:460,nan
A*02:461,nan
A*02:462,nan
A*02:463,nan
A*02:464,nan
A*02:465,nan
A*02:466,nan
A*02:467,nan
A*02:468,nan
A*02:469,nan
A*02:470,nan
A*02:471,nan
A*02:472,nan
A*02:473,nan
A*02:474,nan
A*02:476N,nan
A*02:505,nan
A*02:506N,nan
A*02:507,nan
A*02:538,nan
A*02:539,nan
A*02:540N,nan
A*02:541,nan
A*02:542,nan
A*02:543,nan
A*02:544,nan
A*02:545,nan
A*02:546,nan
A*02:547,nan
A*02:548,nan
A*02:549,nan
A*02:550,nan
A*02:551,nan
A*02:552,nan
A*02:553,nan
A*02:554,nan
A*02:555,nan
A*02:556,nan
A*02:557,nan
A*02:558,nan
A*02:559,nan
A*02:560,nan
A*02:561,nan
A*02:562,nan
A*02:537,nan
A*02:536,nan
A*02:535,nan
A*02:534,nan
A*02:508,nan
A*02:509,nan
A*02:510,nan
A*02:511,nan
A*02:512,nan
A*02:513,nan
A*02:514N,nan
A*02:515,nan
A*02:516N,nan
A*02:517,nan
A*02:518,nan
A*02:519,nan
A*02:448,nan
A*02:520,nan
A*02:522,nan
A*02:523,nan
A*02:524,nan
A*02:525N,nan
A*02:526,nan
A*02:527,nan
A*02:528,nan
A*02:529,nan
A*02:530,nan
A*02:531,nan
A*02:532,nan
A*02:533,nan
A*02:521,nan
A*02:212,nan
A*02:211,nan
A*02:210,nan
A*01:157,nan
A*01:158,nan
A*01:159,nan
A*01:160N,nan
A*01:161,nan
A*01:162N,nan
A*01:163,nan
A*01:164,nan
A*01:165,nan
A*01:166,nan
A*01:167,nan
A*01:168,nan
A*01:169,nan
A*01:170,nan
A*01:171,nan
A*01:172,nan
A*01:173,nan
A*01:174,nan
A*01:175,nan
A*01:176,nan
A*01:177,nan
A*01:178N,nan
A*01:179N,nan
A*01:180,nan
A*01:181,nan
A*01:156,nan
A*01:182,nan
A*01:155,nan
A*01:153,nan
A*01:127,nan
A*01:128,nan
A*01:129,nan
A*01:130,nan
A*01:131,nan
A*01:132,nan
A*01:133,nan
A*01:134,nan
A*01:135,nan
A*01:136,nan
A*01:137,nan
A*01:138,nan
A*01:140,nan
A*01:141,nan
A*01:142,nan
A*01:143,nan
A*01:144,nan
A*01:145,nan
A*01:146,nan
A*01:147Q,nan
A*01:148,nan
A*01:149,nan
A*01:150,nan
A*01:151,nan
A*01:152,nan
A*01:154,nan
A*01:126,nan
A*01:183,nan
A*01:185,nan
A*01:215,nan
A*01:216,nan
A*01:217,nan
A*01:218,nan
A*01:219,nan
A*01:220,nan
A*01:221,nan
A*01:222,nan
A*01:223,nan
A*01:224,nan
A*01:225,nan
A*01:226,nan
A*01:227,nan
A*01:228Q,nan
A*01:229,nan
A*01:230,nan
A*01:231,nan
A*01:232,nan
A*01:233,nan
A*01:234,nan
A*01:235,nan
A*01:236,nan
A*01:237,nan
A*01:238,nan
A*01:239,nan
A*01:214,nan
A*01:184,nan
A*01:213,nan
A*01:211,nan
A*01:186N,nan
A*01:187,nan
A*01:188,nan
A*01:189,nan
A*01:190,nan
A*01:191,nan
A*01:192,nan
A*01:193,nan
A*01:194,nan
A*01:195,nan
A*01:196,nan
A*01:197,nan
A*01:198,nan
A*01:199,nan
A*01:200,nan
A*01:201,nan
A*01:202,nan
A*01:203,nan
A*01:204,nan
A*01:205,nan
A*01:206,nan
A*01:207,nan
A*01:208Q,nan
A*01:209,nan
A*01:210,nan
A*01:212,nan
A*01:125,nan
A*01:124,nan
A*01:123N,nan
A*01:39,nan
A*01:40,nan
A*01:41,nan
A*01:42,nan
A*01:43,nan
A*01:44,nan
A*01:45,nan
A*01:46,nan
A*01:47,nan
A*01:48,nan
A*01:49,nan
A*01:50,nan
A*01:51,nan
A*01:52,nan
A*01:53N,nan
A*01:54,nan
A*01:55,nan
A*01:56N,nan
A*01:57N,nan
A*01:58,nan
A*01:59,nan
A*01:60,nan
A*01:61,nan
A*01:62,nan
A*01:63,nan
A*01:38,nan
A*01:64,nan
A*01:37,nan
A*01:35,nan
A*01:04,nan
A*01:06,nan
A*01:09,nan
A*01:10,nan
A*01:11N,nan
A*01:12,nan
A*01:13,nan
A*01:14,nan
A*01:15N,nan
A*01:16N,nan
A*01:17,nan
A*01:18N,nan
A*01:20,nan
A*01:21,nan
A*01:22N,nan
A*01:23,nan
A*01:24,nan
A*01:26,nan
A*01:27N,nan
A*01:28,nan
A*01:29,nan
A*01:30,nan
A*01:31N,nan
A*01:32,nan
A*01:33,nan
A*01:36,nan
A*01:65,nan
A*01:66,nan
A*01:67,nan
A*01:98,nan
A*01:99,nan
A*01:100,nan
A*01:101,nan
A*01:102,nan
A*01:103,nan
A*01:104,nan
A*01:105,nan
A*01:106,nan
A*01:107,nan
A*01:108,nan
A*01:109,nan
A*01:110,nan
A*01:111,nan
A*01:112,nan
A*01:113,nan
A*01:114,nan
A*01:115,nan
A*01:116,nan
A*01:117,nan
A*01:118,nan
A*01:119,nan
A*01:120,nan
A*01:121,nan
A*01:122,nan
A*01:97,nan
A*01:96,nan
A*01:95,nan
A*01:94,nan
A*01:68,nan
A*01:69,nan
A*01:70,nan
A*01:71,nan
A*01:72,nan
A*01:73,nan
A*01:74,nan
A*01:75,nan
A*01:76,nan
A*01:77,nan
A*01:78,nan
A*01:79,nan
A*01:240N,nan
A*01:80,nan
A*01:82,nan
A*01:83,nan
A*01:84,nan
A*01:85,nan
A*01:86,nan
A*01:87N,nan
A*01:88,nan
A*01:89,nan
A*01:90,nan
A*01:91,nan
A*01:92,nan
A*01:93,nan
A*01:81,nan
A*01:241,nan
A*01:242,nan
A*01:243,nan
A*02:122,nan
A*02:123,nan
A*02:124,nan
A*02:125N,nan
A*02:126,nan
A*02:127,nan
A*02:128,nan
A*02:129,nan
A*02:131,nan
A*02:132,nan
A*02:133,nan
A*02:134,nan
A*02:135,nan
A*02:136,nan
A*02:139,nan
A*02:141,nan
A*02:142,nan
A*02:143,nan
A*02:144,nan
A*02:145,nan
A*02:146,nan
A*02:147,nan
A*02:148,nan
A*02:149,nan
A*02:150,nan
A*02:121,nan
A*02:151,nan
A*02:120,nan
A*02:118,nan
A*02:86,nan
A*02:87,nan
A*02:88N,nan
A*02:91,nan
A*02:92,nan
A*02:93,nan
A*02:94N,nan
A*02:96,nan
A*02:99,nan
A*02:101,nan
A*02:102,nan
A*02:103,nan
A*02:104,nan
A*02:106,nan
A*02:107,nan
A*02:108,nan
A*02:109,nan
A*02:110,nan
A*02:111,nan
A*02:112,nan
A*02:113,nan
A*02:114,nan
A*02:115,nan
A*02:116,nan
A*02:117,nan
A*02:119,nan
A*02:152,nan
A*02:153,nan
A*02:154,nan
A*02:185,nan
A*02:186,nan
A*02:187,nan
A*02:188,nan
A*02:189,nan
A*02:190,nan
A*02:191,nan
A*02:192,nan
A*02:193,nan
A*02:194,nan
A*02:195,nan
A*02:196,nan
A*02:197,nan
A*02:198,nan
A*02:199,nan
A*02:200,nan
A*02:201,nan
A*02:202,nan
A*02:203,nan
A*02:204,nan
A*02:205,nan
A*02:206,nan
A*02:207,nan
A*02:208,nan
A*02:209,nan
A*02:184,nan
A*02:183,nan
A*02:182,nan
A*02:181,nan
A*02:155,nan
A*02:156,nan
A*02:157,nan
A*02:158,nan
A*02:159,nan
A*02:160,nan
A*02:161,nan
A*02:162,nan
A*02:163,nan
A*02:164,nan
A*02:165,nan
A*02:166,nan
A*02:85,nan
A*02:167,nan
A*02:169,nan
A*02:170,nan
A*02:171,nan
A*02:172,nan
A*02:173,nan
A*02:174,nan
A*02:175,nan
A*02:176,nan
A*02:177,nan
A*02:178,nan
A*02:179,nan
A*02:180,nan
A*02:168,nan
A*02:679,nan
A*02:84,nan
A*02:82N,nan
A*01:273,nan
A*01:274,nan
A*01:275,nan
A*01:276,nan
A*01:277,nan
A*01:278,nan
A*01:279,nan
A*01:280,nan
A*01:281Q,nan
A*01:282,nan
A*01:283,nan
A*01:284,nan
A*01:285N,nan
A*01:286,nan
A*01:287N,nan
A*01:288,nan
A*01:289,nan
A*01:290N,nan
A*01:291,nan
A*01:292,nan
A*01:293N,nan
A*01:294,nan
A*01:295,nan
A*01:296,nan
A*01:297,nan
A*01:272,nan
A*01:298,nan
A*01:271,nan
A*01:269N,nan
A*01:244,nan
A*01:245,nan
A*01:246,nan
A*01:247N,nan
A*01:248Q,nan
A*01:249,nan
A*01:250N,nan
A*01:251,nan
A*01:252,nan
A*01:253,nan
A*01:254,nan
A*01:255,nan
A*01:256,nan
A*01:257,nan
A*01:258N,nan
A*01:259,nan
A*01:260,nan
A*01:261,nan
A*01:262,nan
A*01:263,nan
A*01:264,nan
A*01:265,nan
A*01:266,nan
A*01:267,nan
A*01:268,nan
A*01:270,nan
A*01:299,nan
A*01:300,nan
A*01:301,nan
A*02:40,nan
A*02:43N,nan
A*02:44,nan
A*02:45,nan
A*02:47,nan
A*02:48,nan
A*02:51,nan
A*02:52,nan
A*02:53N,nan
A*02:54,nan
A*02:55,nan
A*02:56,nan
A*02:57,nan
A*02:58,nan
A*02:60,nan
A*02:61,nan
A*02:62,nan
A*02:63,nan
A*02:64,nan
A*02:65,nan
A*02:69,nan
A*02:75,nan
A*02:76,nan
A*02:80,nan
A*02:81,nan
A*02:39,nan
A*02:38,nan
A*02:37,nan
A*02:36,nan
A*01:302,nan
A*01:303,nan
A*01:304,nan
A*01:305,nan
A*01:306,nan
A*01:307,nan
A*01:308N,nan
A*01:309,nan
A*01:310,nan
A*01:311,nan
A*01:312,nan
A*01:313,nan
A*02:83N,nan
A*01:314,nan
A*01:316,nan
A*01:317,nan
A*01:318,nan
A*01:319,nan
A*02:15N,nan
A*02:19,nan
A*02:26,nan
A*02:27,nan
A*02:28,nan
A*02:30,nan
A*02:32N,nan
A*02:33,nan
A*01:315,nan
A*02:680,nan
A*02:681,nan
A*02:682,nan
A*11:81,nan
A*11:82,nan
A*11:83,nan
A*11:84,nan
A*11:85,nan
A*11:87,nan
A*11:88,nan
A*11:89,nan
A*11:90,nan
A*11:91,nan
A*11:92,nan
A*11:93,nan
A*11:94,nan
A*11:95,nan
A*11:96,nan
A*11:97,nan
A*11:98,nan
A*11:99N,nan
A*11:100,nan
A*11:101,nan
A*11:102,nan
A*11:103,nan
A*11:104,nan
A*11:105,nan
A*11:106,nan
A*11:80,nan
A*11:107,nan
A*11:79,nan
A*11:77,nan
A*11:51,nan
A*11:52Q,nan
A*11:54,nan
A*11:55,nan
A*11:56,nan
A*11:57,nan
A*11:58,nan
A*11:59,nan
A*11:60,nan
A*11:61,nan
A*11:62,nan
A*11:63,nan
A*11:64,nan
A*11:65,nan
A*11:66,nan
A*11:67,nan
A*11:68,nan
A*11:69N,nan
A*11:70,nan
A*11:71,nan
A*11:72,nan
A*11:73,nan
A*11:74,nan
A*11:75,nan
A*11:76,nan
A*11:78N,nan
A*11:50Q,nan
A*11:108,nan
A*11:110,nan
A*11:140,nan
A*11:141,nan
A*11:142,nan
A*11:143,nan
A*11:144,nan
A*11:145,nan
A*11:146,nan
A*11:147,nan
A*11:148,nan
A*11:149,nan
A*11:150,nan
A*11:151,nan
A*11:153,nan
A*11:154,nan
A*11:155,nan
A*11:156,nan
A*11:157,nan
A*11:158,nan
A*11:159,nan
A*11:160,nan
A*11:161,nan
A*11:162,nan
A*11:163,nan
A*11:164,nan
A*11:165,nan
A*11:139,nan
A*11:109N,nan
A*11:138,nan
A*11:136,nan
A*11:111,nan
A*11:112,nan
A*11:113,nan
A*11:114,nan
A*11:115N,nan
A*11:116,nan
A*11:117,nan
A*11:118,nan
A*11:119,nan
A*11:120,nan
A*11:121,nan
A*11:122,nan
A*11:123,nan
A*11:124,nan
A*11:125,nan
A*11:126,nan
A*11:127N,nan
A*11:128,nan
A*11:129,nan
A*11:130,nan
A*11:131,nan
A*11:132,nan
A*11:133,nan
A*11:134,nan
A*11:135,nan
A*11:137,nan
A*11:49,nan
A*11:47,nan
A*11:46,nan
A*03:314,nan
A*03:315,nan
A*03:316,nan
A*03:317,nan
A*03:318,nan
A*03:319,nan
A*03:320,nan
A*03:321,nan
A*03:322,nan
A*03:323N,nan
A*03:324,nan
A*03:325,nan
A*03:326,nan
A*03:327,nan
A*03:328,nan
A*03:329N,nan
A*03:330N,nan
A*03:331,nan
A*03:332,nan
A*03:333,nan
A*03:334N,nan
A*03:335N,nan
A*03:336N,nan
A*03:337N,nan
A*03:338,nan
A*03:313,nan
A*03:339,nan
A*03:312,nan
A*03:310,nan
A*03:285,nan
A*03:286N,nan
A*03:287,nan
A*03:288,nan
A*03:289,nan
A*03:290,nan
A*03:291,nan
A*03:292,nan
A*03:293,nan
A*03:294,nan
A*03:295,nan
A*03:296,nan
A*03:297N,nan
A*03:298,nan
A*03:299,nan
A*03:300,nan
A*03:301,nan
A*03:302,nan
A*03:303,nan
A*03:304,nan
A*03:305,nan
A*03:306,nan
A*03:307,nan
A*03:308,nan
A*03:309,nan
A*03:311,nan
A*03:340,nan
A*03:341,nan
A*03:342N,nan
A*11:18,nan
A*11:20,nan
A*11:21N,nan
A*11:22,nan
A*11:23,nan
A*11:24,nan
A*11:26,nan
A*11:27,nan
A*11:29,nan
A*11:30,nan
A*11:31,nan
A*11:32,nan
A*11:33,nan
A*11:34,nan
A*11:35,nan
A*11:36,nan
A*11:37,nan
A*11:38,nan
A*11:39,nan
A*11:40,nan
A*11:41,nan
A*11:42,nan
A*11:43,nan
A*11:44,nan
A*11:45,nan
A*11:17,nan
A*11:16,nan
A*11:11,nan
A*11:06,nan
A*03:343,nan
A*03:344,nan
A*03:345,nan
A*03:346,nan
A*03:347,nan
A*03:348,nan
A*03:349,nan
A*03:351,nan
A*03:352,nan
A*03:353,nan
A*03:354,nan
A*03:355,nan
A*11:166,nan
A*03:356,nan
A*03:358,nan
A*03:359,nan
A*03:360,nan
A*03:361,nan
A*03:362,nan
A*03:363,nan
A*03:364N,nan
A*03:365,nan
A*03:366,nan
A*03:367,nan
A*03:368,nan
A*03:369,nan
A*03:357N,nan
A*11:167,nan
A*11:168,nan
A*11:169,nan
A*11:317,nan
A*11:318,nan
A*11:319,nan
A*11:320,nan
A*11:321,nan
A*11:322,nan
A*11:323,nan
A*11:324,nan
A*11:325,nan
A*11:326,nan
A*11:327,nan
A*11:328,nan
A*11:329,nan
A*11:330,nan
A*11:331,nan
A*11:332,nan
A*11:333,nan
A*11:334,nan
A*11:335,nan
A*11:336,nan
A*11:337,nan
A*11:338,nan
A*11:339,nan
A*11:340N,nan
A*11:341,nan
A*11:316,nan
A*11:342,nan
A*11:315,nan
A*11:313Q,nan
A*11:288,nan
A*11:289,nan
A*11:290,nan
A*11:291,nan
A*11:292,nan
A*11:293,nan
A*11:294,nan
A*11:295,nan
A*11:296,nan
A*11:297,nan
A*11:298,nan
A*11:299,nan
A*11:300,nan
A*11:301,nan
A*11:302,nan
A*11:303,nan
A*11:304,nan
A*11:305,nan
A*11:306,nan
A*11:307,nan
A*11:308,nan
A*11:309,nan
A*11:310N,nan
A*11:311,nan
A*11:312,nan
A*11:314,nan
A*11:343,nan
A*11:344,nan
A*11:345,nan
A*23:31,nan
A*23:32,nan
A*23:33,nan
A*23:34,nan
A*23:35,nan
A*23:36,nan
A*23:37,nan
A*23:38N,nan
A*23:39,nan
A*23:40,nan
A*23:41,nan
A*23:42,nan
A*23:43,nan
A*23:44,nan
A*23:45,nan
A*23:46,nan
A*23:47,nan
A*23:48,nan
A*23:49,nan
A*23:50,nan
A*23:51,nan
A*23:52,nan
A*23:53,nan
A*23:54,nan
A*23:55,nan
A*23:30,nan
A*23:29,nan
A*23:28,nan
A*23:27,nan
A*11:346,nan
A*11:347N,nan
A*11:348,nan
A*11:349,nan
A*23:02,nan
A*23:03,nan
A*23:05,nan
A*23:06,nan
A*23:07N,nan
A*23:08N,nan
A*23:09,nan
A*80:05,nan
A*11:287N,nan
A*23:11N,nan
A*23:14,nan
A*23:15,nan
A*23:16,nan
A*23:17,nan
A*23:19N,nan
A*23:20,nan
A*23:21,nan
A*23:22,nan
A*23:23,nan
A*23:24,nan
A*23:25,nan
A*23:26,nan
A*23:13,nan
A*03:284N,nan
A*11:286,nan
A*11:284,nan
A*11:199,nan
A*11:200,nan
A*11:201,nan
A*11:202,nan
A*11:203,nan
A*11:204,nan
A*11:205,nan
A*11:206,nan
A*11:207,nan
A*11:208N,nan
A*11:209,nan
A*11:210N,nan
A*11:211,nan
A*11:212,nan
A*11:213,nan
A*11:214,nan
A*11:215N,nan
A*11:216,nan
A*11:217,nan
A*11:218,nan
A*11:219,nan
A*11:220,nan
A*11:221,nan
A*11:222,nan
A*11:223,nan
A*11:198,nan
A*11:224,nan
A*11:197,nan
A*11:195,nan
A*11:170Q,nan
A*11:171,nan
A*11:172,nan
A*11:173,nan
A*11:174,nan
A*11:175,nan
A*11:176,nan
A*11:177,nan
A*11:178,nan
A*11:179,nan
A*11:180N,nan
A*11:181,nan
A*11:182Q,nan
A*11:183,nan
A*11:184,nan
A*11:185,nan
A*11:186,nan
A*11:187,nan
A*11:188,nan
A*11:189,nan
A*11:190,nan
A*11:191,nan
A*11:192,nan
A*11:193,nan
A*11:194,nan
A*11:196,nan
A*11:225,nan
A*11:226,nan
A*11:227,nan
A*11:259,nan
A*11:260,nan
A*11:261,nan
A*11:262,nan
A*11:263,nan
A*11:264,nan
A*11:265,nan
A*11:266,nan
A*11:267,nan
A*11:268,nan
A*11:269,nan
A*11:270,nan
A*11:271,nan
A*11:272Q,nan
A*11:273,nan
A*11:274,nan
A*11:275,nan
A*11:276,nan
A*11:277,nan
A*11:278,nan
A*11:279,nan
A*11:280,nan
A*11:281,nan
A*11:282,nan
A*11:283,nan
A*11:258,nan
A*11:257,nan
A*11:256Q,nan
A*11:255,nan
A*11:228,nan
A*11:229,nan
A*11:230,nan
A*11:231,nan
A*11:232,nan
A*11:233,nan
A*11:234,nan
A*11:235Q,nan
A*11:236,nan
A*11:237,nan
A*11:238N,nan
A*11:239,nan
A*11:285,nan
A*11:240,nan
A*11:243,nan
A*11:244,nan
A*11:245,nan
A*11:246,nan
A*11:247,nan
A*11:248,nan
A*11:249,nan
A*11:250,nan
A*11:251N,nan
A*11:252,nan
A*11:253,nan
A*11:254,nan
A*11:242,nan
A*23:57,nan
A*03:283N,nan
A*03:281,nan
A*02:829,nan
A*02:830,nan
A*02:831N,nan
A*02:832N,nan
A*02:833N,nan
A*02:834,nan
A*02:835,nan
A*02:836,nan
A*02:837,nan
A*02:838,nan
A*02:839,nan
A*02:840,nan
A*02:841,nan
A*02:842,nan
A*02:843,nan
A*02:844,nan
A*02:845,nan
A*02:846,nan
A*02:847,nan
A*02:848,nan
A*02:849,nan
A*02:850,nan
A*02:851,nan
A*02:852,nan
A*02:853,nan
A*02:828,nan
A*02:854,nan
A*02:827Q,nan
A*02:825,nan
A*02:800,nan
A*02:801,nan
A*02:802,nan
A*02:803N,nan
A*02:804,nan
A*02:805Q,nan
A*02:806N,nan
A*02:807N,nan
A*02:808,nan
A*02:809,nan
A*02:810,nan
A*02:811,nan
A*02:812,nan
A*02:813,nan
A*02:814,nan
A*02:815,nan
A*02:816,nan
A*02:817,nan
A*02:818,nan
A*02:819,nan
A*02:820,nan
A*02:821,nan
A*02:822,nan
A*02:823,nan
A*02:824,nan
A*02:826Q,nan
A*02:799,nan
A*02:855,nan
A*02:857,nan
A*03:14,nan
A*03:15,nan
A*03:16,nan
A*03:17,nan
A*03:18,nan
A*03:19,nan
A*03:21N,nan
A*03:22,nan
A*03:23,nan
A*03:25,nan
A*03:26,nan
A*03:27,nan
A*03:28,nan
A*03:29,nan
A*03:30,nan
A*03:31,nan
A*03:32,nan
A*03:33,nan
A*03:34,nan
A*03:35,nan
A*03:36N,nan
A*03:37,nan
A*03:38,nan
A*03:39,nan
A*03:40,nan
A*03:13,nan
A*02:856,nan
A*03:12,nan
A*03:10,nan
A*02:858N,nan
A*02:859,nan
A*02:860,nan
A*02:861,nan
A*02:862,nan
A*02:863,nan
A*02:864,nan
A*02:865,nan
A*02:866,nan
A*02:867,nan
A*02:868,nan
A*02:869,nan
A*02:870,nan
A*02:871N,nan
A*02:872,nan
A*02:873,nan
A*02:874,nan
A*02:875,nan
A*02:876,nan
A*02:877,nan
A*03:03N,nan
A*03:06,nan
A*03:07,nan
A*03:08,nan
A*03:09,nan
A*03:11N,nan
A*02:798,nan
A*02:797N,nan
A*02:796N,nan
A*02:712,nan
A*02:713,nan
A*02:714,nan
A*02:715N,nan
A*02:716,nan
A*02:717,nan
A*02:718,nan
A*02:719,nan
A*02:720,nan
A*02:721,nan
A*02:722,nan
A*02:723,nan
A*02:724,nan
A*02:725,nan
A*02:726,nan
A*02:727,nan
A*02:728,nan
A*02:729,nan
A*02:730,nan
A*02:731,nan
A*02:732,nan
A*02:733,nan
A*02:734,nan
A*02:735,nan
A*02:736,nan
A*02:711,nan
A*02:737,nan
A*02:710N,nan
A*02:708,nan
A*02:683,nan
A*02:684,nan
A*02:685,nan
A*02:686,nan
A*02:687,nan
A*02:688,nan
A*02:689,nan
A*02:690,nan
A*02:691N,nan
A*02:692,nan
A*02:693,nan
A*02:694,nan
A*02:695,nan
A*02:696N,nan
A*02:697,nan
A*02:698,nan
A*02:699,nan
A*02:700,nan
A*02:701,nan
A*02:702,nan
A*02:703,nan
A*02:704,nan
A*02:705,nan
A*02:706,nan
A*02:707,nan
A*02:709,nan
A*02:738,nan
A*02:739,nan
A*02:740,nan
A*02:771,nan
A*02:772,nan
A*02:773N,nan
A*02:774,nan
A*02:775N,nan
A*02:776,nan
A*02:777,nan
A*02:778,nan
A*02:779,nan
A*02:780,nan
A*02:781,nan
A*02:782,nan
A*02:783,nan
A*02:784,nan
A*02:785,nan
A*02:786,nan
A*02:787,nan
A*02:788N,nan
A*02:789N,nan
A*02:790,nan
A*02:791N,nan
A*02:792N,nan
A*02:793N,nan
A*02:794,nan
A*02:795Q,nan
A*02:770,nan
A*02:769,nan
A*02:768,nan
A*02:767,nan
A*02:741,nan
A*02:742,nan
A*02:743,nan
A*02:744,nan
A*02:745,nan
A*02:746,nan
A*02:747,nan
A*02:748N,nan
A*02:749,nan
A*02:750,nan
A*02:751,nan
A*02:752,nan
A*03:41,nan
A*02:753,nan
A*02:755,nan
A*02:756,nan
A*02:757,nan
A*02:758,nan
A*02:759,nan
A*02:760N,nan
A*02:761,nan
A*02:762,nan
A*02:763,nan
A*02:764,nan
A*02:765,nan
A*02:766,nan
A*02:754,nan
A*03:42,nan
A*03:43,nan
A*03:44,nan
A*03:192N,nan
A*03:193,nan
A*03:195,nan
A*03:196,nan
A*03:197N,nan
A*03:198,nan
A*03:199,nan
A*03:201,nan
A*03:202,nan
A*03:203,nan
A*03:204,nan
A*03:205,nan
A*03:206,nan
A*03:207,nan
A*03:208,nan
A*03:209,nan
A*03:210,nan
A*03:211,nan
A*03:212,nan
A*03:213,nan
A*03:214,nan
A*03:215,nan
A*03:216,nan
A*03:217,nan
A*03:218,nan
A*03:191,nan
A*03:220,nan
A*03:190,nan
A*03:188,nan
A*03:163,nan
A*03:164,nan
A*03:165,nan
A*03:166,nan
A*03:167,nan
A*03:168N,nan
A*03:169,nan
A*03:170,nan
A*03:171,nan
A*03:172,nan
A*03:173,nan
A*03:174,nan
A*03:175,nan
A*03:176,nan
A*03:177,nan
A*03:178N,nan
A*03:179,nan
A*03:180,nan
A*03:181,nan
A*03:182,nan
A*03:183,nan
A*03:184,nan
A*03:185,nan
A*03:186,nan
A*03:187,nan
A*03:189,nan
A*03:222,nan
A*03:223,nan
A*03:224,nan
A*03:255,nan
A*03:256,nan
A*03:257,nan
A*03:258,nan
A*03:259,nan
A*03:261,nan
A*03:262N,nan
A*03:263,nan
A*03:264,nan
A*03:265,nan
A*03:266N,nan
A*03:267,nan
A*03:268,nan
A*03:269N,nan
A*03:270,nan
A*03:271,nan
A*03:272,nan
A*03:273,nan
A*03:274,nan
A*03:275N,nan
A*03:276,nan
A*03:277,nan
A*03:278,nan
A*03:279N,nan
A*03:280,nan
A*03:254,nan
A*03:253,nan
A*03:252,nan
A*03:251,nan
A*03:225,nan
A*03:226,nan
A*03:227,nan
A*03:228,nan
A*03:229,nan
A*03:230,nan
A*03:231,nan
A*03:232,nan
A*03:233,nan
A*03:234Q,nan
A*03:235,nan
A*03:236,nan
A*03:162N,nan
A*03:237,nan
A*03:239,nan
A*03:240,nan
A*03:241,nan
A*03:242,nan
A*03:243,nan
A*03:244,nan
A*03:245,nan
A*03:246,nan
A*03:247,nan
A*03:248,nan
A*03:249,nan
A*03:250,nan
A*03:238,nan
A*03:282,nan
A*03:161N,nan
A*03:159,nan
A*03:75,nan
A*03:76,nan
A*03:77,nan
A*03:78,nan
A*03:79,nan
A*03:80,nan
A*03:81,nan
A*03:82,nan
A*03:83,nan
A*03:84,nan
A*03:85,nan
A*03:86,nan
A*03:87,nan
A*03:88,nan
A*03:89,nan
A*03:90,nan
A*03:91N,nan
A*03:92,nan
A*03:93,nan
A*03:94,nan
A*03:95,nan
A*03:96,nan
A*03:97,nan
A*03:98,nan
A*03:99,nan
A*03:74,nan
A*03:100,nan
A*03:73,nan
A*03:71,nan
A*03:46,nan
A*03:47,nan
A*03:48,nan
A*03:49,nan
A*03:50,nan
A*03:51,nan
A*03:52,nan
A*03:53,nan
A*03:54,nan
A*03:55,nan
A*03:56,nan
A*03:57,nan
A*03:58,nan
A*03:59,nan
A*03:60,nan
A*03:61,nan
A*03:62,nan
A*03:63,nan
A*03:64,nan
A*03:65,nan
A*03:66,nan
A*03:67,nan
A*03:68N,nan
A*03:69N,nan
A*03:70,nan
A*03:72,nan
A*03:101,nan
A*03:102,nan
A*03:103,nan
A*03:134,nan
A*03:135,nan
A*03:136,nan
A*03:137,nan
A*03:138,nan
A*03:139,nan
A*03:140,nan
A*03:141,nan
A*03:142,nan
A*03:143,nan
A*03:144,nan
A*03:145,nan
A*03:146,nan
A*03:147,nan
A*03:148,nan
A*03:149,nan
A*03:150,nan
A*03:151,nan
A*03:152,nan
A*03:153,nan
A*03:154,nan
A*03:155,nan
A*03:156,nan
A*03:157,nan
A*03:158,nan
A*03:133,nan
A*03:132,nan
A*03:131,nan
A*03:130,nan
A*03:104,nan
A*03:105,nan
A*03:106,nan
A*03:107,nan
A*03:108,nan
A*03:109,nan
A*03:110,nan
A*03:111,nan
A*03:112,nan
A*03:113,nan
A*03:114,nan
A*03:115,nan
A*03:160,nan
A*03:116,nan
A*03:118,nan
A*03:119,nan
A*03:120,nan
A*03:121,nan
A*03:122,nan
A*03:123,nan
A*03:124,nan
A*03:125,nan
A*03:126,nan
A*03:127,nan
A*03:128,nan
A*03:129N,nan
A*03:117,nan
A*80:06,nan
